months,county_code,crimeindex,policeexpenditures,month,year
0,1,61.41110125,32.33111023,1,1990
0,10,92.77936057030973,59.342066701892726,1,1990
0,11,93.22270137,50.48150817,1,1990
0,12,95.58837406,65.81554009,1,1990
0,13,92.47271905,38.33775718,1,1990
0,2,83.33977661,51.20389114,1,1990
0,3,79.27726369999999,55.99303015,1,1990
0,4,97.1795,55.3846,1,1990
0,5,90.86741233,51.14791671,1,1990
0,6,90.20803001,53.36656687,1,1990
0,7,83.9051708,57.61323355,1,1990
0,8,97.34322266,52.87202149,1,1990
0,9,95.24118693,47.69520089,1,1990
1,1,26.18688039,53.42146288,2,1990
1,10,93.6336448907998,60.638669306167124,2,1990
1,11,97.60998357,50.28240567,2,1990
1,12,91.93340181,65.67226516,2,1990
1,13,94.11676803,35.75187079,2,1990
1,2,85.49981761,58.9744699,2,1990
1,3,79.0130712,50.03225379,2,1990
1,4,96.0256,51.5385,2,1990
1,5,89.10239459,50.51712581,2,1990
1,6,90.08806451,52.80197936,2,1990
1,7,82.81798294,51.27439182,2,1990
1,8,93.57487487,59.01414449,2,1990
1,9,93.07583503,44.60997591,2,1990
2,1,30.83219392,63.92020226,3,1990
2,10,91.53151990532838,58.727422396490304,3,1990
2,11,99.69468014,50.18670334,3,1990
2,12,92.26183816,39.00271645,3,1990
2,13,88.51829458,32.76721796,3,1990
2,2,85.82973763,51.87207267,3,1990
2,3,82.43593984,51.28845866,3,1990
2,4,94.4872,46.1538,3,1990
2,5,85.46004740000001,50.2074802,3,1990
2,6,90.45893603,47.05412988,3,1990
2,7,76.75412895,50.75389841,3,1990
2,8,96.30514763,56.37510904,3,1990
2,9,94.08587177,43.85638148,3,1990
3,1,82.53364859,70.28950572,4,1990
3,10,89.90485905086489,56.6411715464673,4,1990
3,11,90.02205349,50.32691086,4,1990
3,12,93.53245536,37.7953028,4,1990
3,13,88.62226579,33.72960678,4,1990
3,2,85.04511674,48.17993079,4,1990
3,3,79.16529411,51.17053689,4,1990
3,4,91.4103,42.8205,4,1990
3,5,83.05766953,50.06948192,4,1990
3,6,89.50770012,42.44843378,4,1990
3,7,81.95447,37.02118401,4,1990
3,8,94.35944350000001,37.83919968,4,1990
3,9,90.30356654,41.5789294,4,1990
4,1,45.73455132,34.11883024,5,1990
4,10,91.79714585560775,57.86264509940875,5,1990
4,11,89.98741013,50.45620733,5,1990
4,12,89.59919011,35.51390059,5,1990
4,13,83.72492841,37.23824933,5,1990
4,2,84.0179406,41.6832004,5,1990
4,3,78.16462800000001,44.37791453,5,1990
4,4,88.3333,40.7692,5,1990
4,5,82.93782178,50.56284634,5,1990
4,6,90.44262886,42.70403632,5,1990
4,7,80.18477005,42.88175509,5,1990
4,8,90.63466208,39.88537342,5,1990
4,9,96.61053245,49.17741856,5,1990
5,1,37.11094797,67.67071640000002,6,1990
5,10,85.67735860743993,57.787410409763716,6,1990
5,11,82.08923208,30.46484693,6,1990
5,12,83.54348184,39.21945291,6,1990
5,13,82.04078065,36.02719822,6,1990
5,2,82.567493,37.8904155,6,1990
5,3,77.88086312,45.01027007,6,1990
5,4,84.8718,38.7179,6,1990
5,5,82.97525357,50.2885278,6,1990
5,6,90.14414263,32.37893863,6,1990
5,7,84.95411141,37.15571048,6,1990
5,8,84.12585329999999,44.07740513,6,1990
5,9,90.56063973,42.65225098,6,1990
6,1,97.47577109999999,53.25912941,7,1990
6,10,62.39143205734898,28.792846338614883,7,1990
6,11,82.30712635,30.50159647,7,1990
6,12,77.02805242,31.58820139,7,1990
6,13,79.26372384,39.23928078,7,1990
6,2,80.81260177,39.54897369,7,1990
6,3,78.7883706,48.55981672,7,1990
6,4,79.8718,35.641,7,1990
6,5,82.91489113,25.58347508,7,1990
6,6,70.15739651,32.53070274,7,1990
6,7,83.78935643,38.73185813,7,1990
6,8,67.91256216,31.49702549,7,1990
6,9,81.14429533,30.12333182,7,1990
7,1,25.10007858,63.51498087,8,1990
7,10,62.423966897483375,27.19597754386908,8,1990
7,11,77.72988014,30.48956923,8,1990
7,12,80.1138613,32.65777825,8,1990
7,13,82.2605659,39.78452494,8,1990
7,2,82.66453387,39.64957388,8,1990
7,3,76.88063455,42.14226829,8,1990
7,4,77.5641,33.0769,8,1990
7,5,82.92908498,25.48358339,8,1990
7,6,70.45933544,33.36526443,8,1990
7,7,82.5794806,31.00052541,8,1990
7,8,73.03318035,25.95259655,8,1990
7,9,79.79041349,31.91551999,8,1990
8,1,80.95716522,67.98053881,9,1990
8,10,63.59718909333862,28.52474680055172,9,1990
8,11,79.8348944,30.45024833,9,1990
8,12,77.61083319,31.64159927,9,1990
8,13,84.15649198,35.16602939,9,1990
8,2,80.01109099,34.75059705,9,1990
8,3,76.40958846,41.02697157,9,1990
8,4,74.4872,28.9744,9,1990
8,5,82.8742005,25.4435257,9,1990
8,6,70.0510705,32.65609918,9,1990
8,7,74.34938755,25.98549962,9,1990
8,8,62.29404546,36.43472391,9,1990
8,9,75.44557599,27.88771936,9,1990
9,1,29.720400199999997,67.37246590000001,10,1990
9,10,62.347854888189836,27.380777183217685,10,1990
9,11,68.25258294,30.518394800000003,10,1990
9,12,63.94402803,30.98714261,10,1990
9,13,78.54210421,40.62211592,10,1990
9,2,72.84782559,27.56083529,10,1990
9,3,72.72484118,34.57530901,10,1990
9,4,71.4103,26.1538,10,1990
9,5,82.92409777,25.56511342,10,1990
9,6,70.42689515,22.95509327,10,1990
9,7,75.09804908,23.71456629,10,1990
9,8,75.44156166,24.99748269,10,1990
9,9,75.16475905,27.54823445,10,1990
10,1,80.06564029,15.56074952,11,1990
10,10,63.311687187083145,28.47777700114472,11,1990
10,11,66.09371818,30.51166121,11,1990
10,12,65.74446296,27.43963221,11,1990
10,13,79.8190372,39.18190709,11,1990
10,2,71.61071483,24.63553998,11,1990
10,3,69.24542132,31.16860072,11,1990
10,4,66.4103,23.0769,11,1990
10,5,82.82118411,25.92884427,11,1990
10,6,70.21080584,27.14984363,11,1990
10,7,71.72053967,23.07731951,11,1990
10,8,70.11058684,32.24627514,11,1990
10,9,67.5166421,20.20977816,11,1990
11,1,71.06546666,71.79076769,12,1990
11,10,61.99447800617672,28.422075393406484,12,1990
11,11,62.38498503,30.49807771,12,1990
11,12,65.52194547,30.57836994,12,1990
11,13,75.13363464,42.43088899,12,1990
11,2,66.04149838,20.95946481,12,1990
11,3,70.73255503,32.64425407,12,1990
11,4,61.7949,22.3077,12,1990
11,5,51.48738653,27.55147826,12,1990
11,6,70.50031512,26.16690928,12,1990
11,7,72.58028581,24.93913687,12,1990
11,8,53.70811033,18.10947229,12,1990
11,9,54.47365512,24.44345283,12,1990
12,1,24.10959755,70.24254644,1,1991
12,10,62.01128554783455,28.287622065122893,1,1991
12,11,60.86008215,30.62022775,1,1991
12,12,59.62100447,28.80940164,1,1991
12,13,75.34670164,43.08125586,1,1991
12,2,62.72130521,20.68914905,1,1991
12,3,62.98097121,26.66664565,1,1991
12,4,57.1795,22.3077,1,1991
12,5,51.41484656,27.53046637,1,1991
12,6,50.49455653,26.33145708,1,1991
12,7,71.10968734,17.89349871,1,1991
12,8,49.49952952,21.79609923,1,1991
12,9,53.3957389,24.63083013,1,1991
13,1,81.55420499,64.93743554,2,1991
13,10,62.72821395007126,27.38009992479046,2,1991
13,11,55.87891689,30.49218542,2,1991
13,12,50.98506213,27.93951858,2,1991
13,13,70.47420705,44.36071943,2,1991
13,2,62.06305936,19.28820474,2,1991
13,3,62.63467337,26.45926233,2,1991
13,4,52.9487,23.3333,2,1991
13,5,52.07679944,27.09557036,2,1991
13,6,50.49944012,22.00370914,2,1991
13,7,64.87083914,23.67308186,2,1991
13,8,47.18853353,24.15049107,2,1991
13,9,49.82929965,21.0379689,2,1991
14,1,21.475839,62.21352455,3,1991
14,10,64.610399513495,28.324571879961997,3,1991
14,11,52.32215964,30.47463433,3,1991
14,12,46.28447445,33.84994979,3,1991
14,13,71.04590440000001,44.32477884,3,1991
14,2,61.34262387,20.02450057,3,1991
14,3,60.63023611,25.53800765,3,1991
14,4,51.0256,25.8974,3,1991
14,5,51.71207905,27.43924961,3,1991
14,6,50.47435283,23.28474798,3,1991
14,7,63.55717190000001,23.74907191,3,1991
14,8,44.2237227,28.6031956,3,1991
14,9,54.71955315,27.10624293,3,1991
15,1,18.70896837,67.26940048,4,1991
15,10,63.72813839298177,27.74262460042384,4,1991
15,11,48.06969968,30.50099808,4,1991
15,12,54.06372049,32.62846305,4,1991
15,13,66.46040372,47.5521602,4,1991
15,2,43.11588495,35.469522999999995,4,1991
15,3,62.39628112,26.32071119,4,1991
15,4,51.0256,29.4872,4,1991
15,5,50.70890793,27.87826426,4,1991
15,6,50.50366686,27.63403839,4,1991
15,7,65.60095802,32.21517863,4,1991
15,8,51.64623549,20.93199968,4,1991
15,9,60.51221255,28.08961766,4,1991
16,1,79.37296348,40.57019704,5,1991
16,10,64.12982116609858,30.93518887790746,5,1991
16,11,45.77347553,30.49442136,5,1991
16,12,49.90301949,32.43865009,5,1991
16,13,64.96100494,48.66492462,5,1991
16,2,47.70655597,36.89432765,5,1991
16,3,62.0268149,26.16338746,5,1991
16,4,51.0256,32.8205,5,1991
16,5,51.65304675,27.33886892,5,1991
16,6,50.50006612,32.037108,5,1991
16,7,67.55452811,29.43684125,5,1991
16,8,34.96103816,35.43553253,5,1991
16,9,61.43191271,31.13573492,5,1991
17,1,21.1016372,74.74118133,6,1991
17,10,54.03550530633291,38.96939007543244,6,1991
17,11,49.38209975,30.49954455,6,1991
17,12,53.35148834,35.83829208,6,1991
17,13,68.02842315,46.28063196,6,1991
17,2,55.54697371,39.05554978,6,1991
17,3,60.2733986,25.21379046,6,1991
17,4,51.4103,35.3846,6,1991
17,5,51.18198917,27.67840297,6,1991
17,6,50.46189397,29.33651065,6,1991
17,7,71.88903357,40.05009520000001,6,1991
17,8,57.68473692,44.37738282,6,1991
17,9,68.41840528,37.70083752,6,1991
18,1,20.01106184,71.76831892,7,1991
18,10,59.27358715390322,25.842784054808895,7,1991
18,11,47.01428364,50.14439298,7,1991
18,12,49.74198795,37.14204292,7,1991
18,13,62.62382797,50.56324448,7,1991
18,2,65.24040739,46.95708015,7,1991
18,3,63.14183467,26.85952956,7,1991
18,4,51.4103,40.2564,7,1991
18,5,51.41855226,52.63565768,7,1991
18,6,50.487760200000004,40.81695313,7,1991
18,7,69.98874444,37.57479502,7,1991
18,8,55.68559177,46.31369241,7,1991
18,9,43.59759407,43.3926884,7,1991
19,1,75.93617040000001,76.16691981,8,1991
19,10,55.87783578911621,33.80455653795255,8,1991
19,11,55.58783891,49.91289859,8,1991
19,12,54.44410778,34.64454677,8,1991
19,13,59.96393579,52.63096423,8,1991
19,2,45.258750899999995,37.31045274,8,1991
19,3,69.79765539,31.76066917,8,1991
19,4,52.9487,44.1026,8,1991
19,5,52.12301105,52.02521411,8,1991
19,6,50.48315599,42.73907512,8,1991
19,7,67.16876032,49.31046863,8,1991
19,8,51.00216454,46.38607392,8,1991
19,9,49.66650513,51.26239748,8,1991
20,1,15.58280335,65.62365744,9,1991
20,10,61.75488415662257,28.325730359940707,9,1991
20,11,57.95531428,50.33742749,9,1991
20,12,49.62564335,35.6754047,9,1991
20,13,57.49384244,54.63620644,9,1991
20,2,60.98658251,40.009671999999995,9,1991
20,3,75.80796422,39.79329057,9,1991
20,4,54.1026,46.6667,9,1991
20,5,50.62155476,52.88116479,9,1991
20,6,50.49327326,51.86789377,9,1991
20,7,72.59161154,47.34801855,9,1991
20,8,56.90368153,42.49544009,9,1991
20,9,43.05686032,43.28671292,9,1991
21,1,13.98760163,50.85063364,10,1991
21,10,62.50912242665472,47.346894276347655,10,1991
21,11,60.52491173,50.4189792,10,1991
21,12,49.46217283,64.99458547,10,1991
21,13,61.60055304,51.34602714,10,1991
21,2,65.71281959,48.01438668,10,1991
21,3,78.11997023,45.61743919,10,1991
21,4,55.2564,50.0,10,1991
21,5,50.07473901,52.95260731,10,1991
21,6,50.50083732,43.37100189,10,1991
21,7,71.16172582,50.15741443,10,1991
21,8,58.13295928,44.30051503,10,1991
21,9,54.25267253,55.90591623,10,1991
22,1,24.46783039,33.02407002,11,1991
22,10,61.47695797657806,41.068620617137,11,1991
22,11,57.92421717,50.20525897,11,1991
22,12,61.64371789,66.12914983,11,1991
22,13,53.87796579999999,57.13485535,11,1991
22,2,66.38948204,53.70377593,11,1991
22,3,79.30293164,53.77146068,11,1991
22,4,55.641000000000005,53.0769,11,1991
22,5,51.5024421,52.52055249,11,1991
22,6,50.48750387,53.0427983,11,1991
22,7,68.04453807,58.21000827,11,1991
22,8,55.42063673,46.98828335,11,1991
22,9,52.22502959,50.19895895,11,1991
23,1,84.27528709999999,39.70632617,12,1991
23,10,62.815228696000794,42.7211973118263,12,1991
23,11,56.43932247,50.43531516,12,1991
23,12,55.94537372,65.79065188,12,1991
23,13,58.0598079,54.17124157,12,1991
23,2,64.03500046,63.06749989,12,1991
23,3,79.24710702,56.45143367,12,1991
23,4,56.0256,56.6667,12,1991
23,5,51.86195209,52.34282206,12,1991
23,6,50.50337402,56.6189103,12,1991
23,7,70.40894609,56.60890766,12,1991
23,8,47.86700549,52.42152316,12,1991
23,9,54.03051724,55.76158737,12,1991
24,1,9.763348849,45.59648495,1,1992
24,10,65.5178079250931,64.29883161765048,1,1992
24,11,59.28492483,69.50578890000001,1,1992
24,12,60.85022747,67.50178061,1,1992
24,13,62.09739394,50.94238231,1,1992
24,2,63.84586325,62.04803251,1,1992
24,3,77.01781826,66.0937202,1,1992
24,4,57.9487,59.2308,1,1992
24,5,52.25779061,51.92759021,1,1992
24,6,50.49623612,70.56828982,1,1992
24,7,72.55188627,52.83382053,1,1992
24,8,68.65098501,64.09099819,1,1992
24,9,60.03105916,58.32313965,1,1992
25,1,17.945458399999996,42.96804691,2,1992
25,10,75.1036989418477,61.53263215094842,2,1992
25,11,64.89297733,69.53407098,2,1992
25,12,61.42910607,67.62951422,2,1992
25,13,59.07128185,66.51292446,2,1992
25,2,64.47676444,59.83996671,2,1992
25,3,79.20631862,56.92583942,2,1992
25,4,62.1795,61.2821,2,1992
25,5,51.19794432,52.71377449,2,1992
25,6,70.06802613,67.87088729,2,1992
25,7,76.11282402,61.81858546,2,1992
25,8,68.22525891,63.01687176,2,1992
25,9,70.28222124,70.17145753,2,1992
26,1,16.0511142,52.49440678,3,1992
26,10,63.51113803215455,68.13237809122661,3,1992
26,11,61.32962443,69.51010693,3,1992
26,12,62.97233493,63.91006406,3,1992
26,13,56.1748754,64.3979095,3,1992
26,2,65.23730817,55.16094182,3,1992
26,3,78.91725896,58.98825385,3,1992
26,4,66.4103,61.5385,3,1992
26,5,82.94182882,50.44380279,3,1992
26,6,70.45578175,58.82154659,3,1992
26,7,77.06923841,61.72763341,3,1992
26,8,64.41346272,67.30257792,3,1992
26,9,59.75330888,60.60027647,3,1992
27,1,23.11045782,46.08227578,4,1992
27,10,76.46605770747358,62.51727639955267,4,1992
27,11,56.99527913,69.52632289,4,1992
27,12,67.72558866,66.54935797,4,1992
27,13,62.23734399,68.68659329,4,1992
27,2,65.7664025,61.27978658,4,1992
27,3,79.08086782,57.90226605,4,1992
27,4,69.1026,61.7949,4,1992
27,5,83.75234297,50.21669503,4,1992
27,6,70.48355125,60.18692784,4,1992
27,7,76.15681921,62.19225208,4,1992
27,8,62.47641053,67.22595689,4,1992
27,9,61.18564117,63.76027502,4,1992
28,1,20.31418781,74.24770821,5,1992
28,10,63.32121131684657,33.01583968860287,5,1992
28,11,48.22957673,49.94723996,5,1992
28,12,48.82009398,64.05154171,5,1992
28,13,57.09625735,65.02779371,5,1992
28,2,64.60376971,60.83491753,5,1992
28,3,77.48693892,64.81286696,5,1992
28,4,55.2564,57.4359,5,1992
28,5,51.97525067,52.18418011,5,1992
28,6,50.42063261,59.43551748,5,1992
28,7,73.11896147,58.11876586,5,1992
28,8,47.26788186,50.30998872,5,1992
28,9,53.81190123,54.38949526,5,1992
29,1,83.6396339,64.56826419,6,1992
29,10,47.09086037793219,39.596528938641924,6,1992
29,11,58.08503756,50.06310413,6,1992
29,12,46.54354081,68.19328958,6,1992
29,13,40.88384455,53.30450317,6,1992
29,2,64.79185504,61.52059065,6,1992
29,3,78.72944587,60.34979352,6,1992
29,4,49.8718,54.8718,6,1992
29,5,51.07339565,52.79209735,6,1992
29,6,50.43498138,49.58584348,6,1992
29,7,35.59689504,58.27041238,6,1992
29,8,53.87079769,45.41263892,6,1992
29,9,52.59357463,55.24129699,6,1992
30,1,76.12827451,74.02169391,7,1992
30,10,46.43214740575959,42.96311290991967,7,1992
30,11,39.20541197,50.48990237,7,1992
30,12,44.82035293,65.27838919999999,7,1992
30,13,40.38462569,52.94517809,7,1992
30,2,41.09524744,36.91654386,7,1992
30,3,16.80654352,48.89055576,7,1992
30,4,46.0256,52.5641,7,1992
30,5,51.3380902,52.58971986,7,1992
30,6,50.47064228,41.77974178,7,1992
30,7,32.6212516,59.76653031,7,1992
30,8,47.26989721,54.02060718,7,1992
30,9,48.89694468,49.07012675,7,1992
31,1,5.623070761,62.39118056,8,1992
31,10,34.654269720428886,45.00808191109717,8,1992
31,11,42.01851441,49.68886384,8,1992
31,12,28.63299394,34.99766139,8,1992
31,13,30.55522592,45.2257382,8,1992
31,2,41.56715562,38.50219967,8,1992
31,3,17.07140452,47.54950635,8,1992
31,4,38.3333,48.2051,8,1992
31,5,52.1768375,52.02884867,8,1992
31,6,30.44941078,46.12768634,8,1992
31,7,27.17412294,52.53553472,8,1992
31,8,50.57655229,49.84202225,8,1992
31,9,46.25772337,46.01811902,8,1992
32,1,68.13358322,74.18903668,9,1992
32,10,35.0592964792924,45.49118713564471,9,1992
32,11,43.58867148,50.33348111,9,1992
32,12,53.55868852,33.92376617,9,1992
32,13,37.7446281,50.84330462,9,1992
32,2,30.68066685,48.66437073,9,1992
32,3,26.32903723,30.88943083,9,1992
32,4,42.1795,49.4872,9,1992
32,5,51.20176505,52.72924658,9,1992
32,6,50.49089952,38.03378377,9,1992
32,7,29.14528394,50.89252158,9,1992
32,8,48.77228678,50.71329957,9,1992
32,9,41.97460661,44.75958744,9,1992
33,1,56.13959645,28.23678194,10,1992
33,10,38.50588128722115,46.42517066381432,10,1992
33,11,57.23058894,50.44675142,10,1992
33,12,52.68466915,66.00445437,10,1992
33,13,36.27344274,49.65929394,10,1992
33,2,30.33792211,50.2852524,10,1992
33,3,29.05046892,28.97283572,10,1992
33,4,44.1026,51.0256,10,1992
33,5,50.44143545,52.88431329,10,1992
33,6,50.41591338,44.54684128,10,1992
33,7,28.46020333,49.96755118,10,1992
33,8,45.98627275,55.04555491,10,1992
33,9,50.03246689,51.60062413,10,1992
34,1,69.82923003,75.77193879,11,1992
34,10,32.64273111212233,42.96062911336039,11,1992
34,11,43.34795689999999,50.4209092,11,1992
34,12,32.11848168,37.02325625,11,1992
34,13,32.02506417,47.14278893,11,1992
34,2,34.52763612,42.27633267,11,1992
34,3,22.78684965,35.16136075,11,1992
34,4,36.4103,45.3846,11,1992
34,5,51.41620515,52.50930089,11,1992
34,6,30.49561294,46.2381176,11,1992
34,7,27.36426023,51.34788323,11,1992
34,8,32.88402447,37.54370126,11,1992
34,9,35.52418761,36.46588202,11,1992
35,1,62.51704429,75.85522947,12,1992
35,10,26.238496187917026,42.442269735757485,12,1992
35,11,32.91824062,50.37405205,12,1992
35,12,36.47535413,34.69827009,12,1992
35,13,21.72181715,41.27005653,12,1992
35,2,29.67234831,54.03177562,12,1992
35,3,17.48939337,45.87036917,12,1992
35,4,32.5641,42.8205,12,1992
35,5,17.14563109,50.86268433,12,1992
35,6,30.47272489,49.73974533,12,1992
35,7,24.53766384,37.55511629,12,1992
35,8,28.44321912,39.79589781,12,1992
35,9,35.01680131,33.39479873,12,1992
36,1,72.744856,65.97085702,1,1993
36,10,35.09911108590329,43.412456035489036,1,1993
36,11,39.42460559,30.47682991,1,1993
36,12,30.93927452,34.86344417,1,1993
36,13,31.30990292,47.13012716,1,1993
36,2,39.60204231,37.32935526,1,1993
36,3,24.79753815,32.83142061,1,1993
36,4,31.4103,38.7179,1,1993
36,5,17.14132373,50.89149225,1,1993
36,6,30.47869518,39.11025189,1,1993
36,7,23.68049566,39.19959418,1,1993
36,8,39.79666625,28.52339102,1,1993
36,9,38.831572200000004,37.58007157,1,1993
37,1,6.6166253070000005,21.77804048,2,1993
37,10,26.97250645074923,41.96549864969274,2,1993
37,11,38.34855614,30.50347435,2,1993
37,12,32.38375472,31.09006508,2,1993
37,13,23.54159239,40.91597158,2,1993
37,2,37.29605623,41.38952255,2,1993
37,3,20.03305005,39.48557479,2,1993
37,4,30.2564,35.1282,2,1993
37,5,17.08190869,25.855127600000003,2,1993
37,6,30.79285594,39.14283779,2,1993
37,7,25.23800523,36.3827222,2,1993
37,8,39.26526322,31.399646,2,1993
37,9,36.81141411,36.61972206,2,1993
38,1,72.42120153,67.75979625,3,1993
38,10,26.082777553039712,40.5306757288761,3,1993
38,11,28.77148799,30.50483493,3,1993
38,12,35.41843805,34.92130615,3,1993
38,13,21.68954964,38.66016397,3,1993
38,2,34.623685200000004,40.07466666,3,1993
38,3,24.19064341,33.44618293,3,1993
38,4,32.1795,32.5641,3,1993
38,5,16.92501353,26.02564455,3,1993
38,6,30.49974103,34.62547027,3,1993
38,7,26.55261322,41.10069438,3,1993
38,8,33.36141668,39.24156522,3,1993
38,9,33.81931420000001,36.16346644,3,1993
39,1,52.57525731,78.61719534,4,1993
39,10,31.241222007282687,45.959009306203484,4,1993
39,11,32.75047203,30.46221846,4,1993
39,12,32.52456317,30.34336118,4,1993
39,13,24.19505377,42.61255083,4,1993
39,2,47.14107313,35.34968062,4,1993
39,3,46.05259335,21.86358128,4,1993
39,4,36.7949,30.0,4,1993
39,5,50.66196341,27.89317272,4,1993
39,6,30.495865000000002,34.75420747,4,1993
39,7,28.28029248,28.21781182,4,1993
39,8,42.25005163,27.71405657,4,1993
39,9,31.24774117,33.16775703,4,1993
40,1,15.45691897,68.50770819,5,1993
40,10,51.19180664002289,40.21514863432602,5,1993
40,11,43.56137408,30.49130262,5,1993
40,12,44.49163493,35.48332887,5,1993
40,13,24.12870919,41.2090395,5,1993
40,2,47.62479992,34.76370042,5,1993
40,3,35.76661395,25.16587084,5,1993
40,4,41.4103,33.5897,5,1993
40,5,51.39909748,27.63996794,5,1993
40,6,50.52930429999999,36.75370024,5,1993
40,7,28.69975074,33.79707204,5,1993
40,8,35.82311129,32.96070352,5,1993
40,9,40.15432164,42.64498293,5,1993
41,1,25.41660632,74.88502116,6,1993
41,10,62.981313139594526,28.12781040142163,6,1993
41,11,44.995123,30.44965384,6,1993
41,12,38.50248372,33.23491043,6,1993
41,13,37.48379074,50.64922115,6,1993
41,2,44.46229305,37.02662945,6,1993
41,3,51.28770679,22.95947898,6,1993
41,4,45.641000000000005,36.6667,6,1993
41,5,50.79528152,27.892658899999997,6,1993
41,6,50.4926667,37.01935129,6,1993
41,7,27.79784459,43.91938731,6,1993
41,8,31.9391622,35.40473624,6,1993
41,9,44.57564662,47.22502527,6,1993
42,1,19.83662865,66.45490366,7,1993
42,10,57.67125472695758,32.285083982635925,7,1993
42,11,47.34794647,30.48599422,7,1993
42,12,47.79751769,35.43994362,7,1993
42,13,39.36460208,52.13190194,7,1993
42,2,40.79184303,36.45556953,7,1993
42,3,60.84658336,25.58605524,7,1993
42,4,49.1026,38.2051,7,1993
42,5,50.68603709,52.79773294,7,1993
42,6,50.46977342,41.41711528,7,1993
42,7,28.94769233,44.41640111,7,1993
42,8,50.83834068,51.64222642,7,1993
42,9,50.33152856,48.392363,7,1993
43,1,48.39834644,77.3178021,8,1993
43,10,28.752093948543745,42.99487155422635,8,1993
43,11,36.44121292,30.50207679,8,1993
43,12,37.05602845,33.87350952,8,1993
43,13,16.08354965,39.79727127,8,1993
43,2,48.72938687,35.53766421,8,1993
43,3,33.29716810000001,26.31431007,8,1993
43,4,36.0256,29.7436,8,1993
43,5,51.52476126,27.58063881,8,1993
43,6,30.43604034,22.81710748,8,1993
43,7,26.80382436,28.03760277,8,1993
43,8,33.59380544,34.20762084,8,1993
43,9,29.81950745,27.245193199999996,8,1993
44,1,75.66775622,58.91246032,9,1993
44,10,30.60430039262531,44.57294656890872,9,1993
44,11,28.02058049,30.47805889,9,1993
44,12,34.62639972,28.5641378,9,1993
44,13,24.30721094,43.54988148,9,1993
44,2,32.20303042,20.40894789,9,1993
44,3,24.56446249,33.03730125,9,1993
44,4,32.1795,29.7436,9,1993
44,5,17.40539097,26.49139853,9,1993
44,6,30.49793139,34.80070146,9,1993
44,7,26.66640021,31.68957613,9,1993
44,8,35.67104839,36.52348922,9,1993
44,9,29.07953992,30.40431434,9,1993
45,1,8.194800603,57.61744782,10,1993
45,10,17.296919117544,40.16549574454106,10,1993
45,11,38.31413856,30.50116088,10,1993
45,12,31.66399053,31.31954867,10,1993
45,13,17.38180986,36.71466334,10,1993
45,2,25.32246815,23.49571047,10,1993
45,3,21.87611447,36.46888948,10,1993
45,4,29.1026,30.0,10,1993
45,5,17.20372213,25.98531782,10,1993
45,6,30.48497026,27.891889799999998,10,1993
45,7,19.25728097,27.27961285,10,1993
45,8,21.31574825,28.41920213,10,1993
45,9,27.58802552,30.08079929,10,1993
46,1,59.67993002,76.08822579999999,11,1993
46,10,20.83181787002713,40.07855277046707,11,1993
46,11,26.41662567,30.50477302,11,1993
46,12,23.51903436,30.79617438,11,1993
46,13,17.98006448,37.22461013,11,1993
46,2,21.36477746,29.55754336,11,1993
46,3,32.91874982,26.513553100000003,11,1993
46,4,26.7949,32.0513,11,1993
46,5,17.09382391,26.20141928,11,1993
46,6,30.50234175,32.87063916,11,1993
46,7,26.44085578,31.22187836,11,1993
46,8,23.04223147,26.16049694,11,1993
46,9,35.03305815,33.98063397,11,1993
47,1,1.504418175,57.46605055,12,1993
47,10,16.83488050694028,41.58199309552274,12,1993
47,11,22.82554712,30.50911533,12,1993
47,12,22.4959116,34.23335543,12,1993
47,13,22.96221457,40.51244785,12,1993
47,2,15.98507146,33.00823391,12,1993
47,3,22.19543854,36.02709121,12,1993
47,4,25.2564,35.8974,12,1993
47,5,17.11384266,25.85756947,12,1993
47,6,30.49263834,37.79404941,12,1993
47,7,20.0807081,33.5458051,12,1993
47,8,27.64007114,40.4353274,12,1993
47,9,34.44158657,34.25061176,12,1993
48,1,45.21079429,79.42838349,1,1994
48,10,17.508190802384775,39.97979008060481,1,1994
48,11,16.69400655,50.11563217,1,1994
48,12,31.47683126,36.63078771,1,1994
48,13,20.6146217,40.22206279,1,1994
48,2,29.35098671,53.98039918,1,1994
48,3,18.5425362,42.68104041,1,1994
48,4,25.2564,41.0256,1,1994
48,5,17.02374454,50.70468436,1,1994
48,6,30.52203505,35.667316299999996,1,1994
48,7,23.49480698,39.73633061,1,1994
48,8,27.36224262,44.54495531,1,1994
48,9,20.61832378,51.14118357,1,1994
49,1,10.41824113,76.35652215,2,1994
49,10,20.793318474883847,41.50420388125268,2,1994
49,11,21.64025646,50.44830134,2,1994
49,12,26.11108787,34.548619099999996,2,1994
49,13,23.36624529,44.12496121,2,1994
49,2,29.71167299,52.2343086,2,1994
49,3,17.73451773,45.04107713,2,1994
49,4,25.641,44.1026,2,1994
49,5,17.11492526,50.81197535,2,1994
49,6,30.50172278,48.4422995,2,1994
49,7,20.33390044,42.84184265,2,1994
49,8,30.07316194,40.123727200000005,2,1994
49,9,19.56408354,49.89959207,2,1994
50,1,78.58417608,64.40507526,3,1994
50,10,26.81861839683132,41.609779885155994,3,1994
50,11,29.17786439,50.17317743,3,1994
50,12,29.26760589,37.5196356,3,1994
50,13,24.55832694,42.346261600000005,3,1994
50,2,30.66967394,59.50307661,3,1994
50,3,17.13474543,47.35241646,3,1994
50,4,28.718000000000004,47.1795,3,1994
50,5,17.07777732,50.56484556,3,1994
50,6,30.50683789,58.66937326,3,1994
50,7,26.99347063,47.09372989,3,1994
50,8,28.57367473,42.18480645,3,1994
50,9,26.29924511,55.58987734,3,1994
51,1,73.39475037,40.63504181,4,1994
51,10,23.938853684759177,39.5370044639939,4,1994
51,11,38.44047291,49.92274192,4,1994
51,12,34.04420627,62.42569733,4,1994
51,13,28.77262547,44.18908437,4,1994
51,2,34.31575825,41.16378107,4,1994
51,3,16.387318099999998,53.84619403,4,1994
51,4,31.4103,49.4872,4,1994
51,5,16.98102188,50.93930391,4,1994
51,6,30.48672575,47.91695544,4,1994
51,7,26.02294175,51.45365835,4,1994
51,8,27.487509999999997,40.00265929,4,1994
51,9,22.82746624,55.48205636,4,1994
52,1,75.95871567,43.94986459,5,1994
52,10,32.07674315254407,56.00148636945854,5,1994
52,11,26.86048827,50.31129937,5,1994
52,12,31.78562948,64.32038379,5,1994
52,13,31.05697967,45.81424531,5,1994
52,2,32.03035884,48.99304012,5,1994
52,3,16.35324687,55.12963938,5,1994
52,4,34.8718,51.5385,5,1994
52,5,17.03857897,50.45885484,5,1994
52,6,30.49475568,51.89416639,5,1994
52,7,22.0055807,49.36770682,5,1994
52,8,42.73901914,57.12523105,5,1994
52,9,32.93861761,63.57293938,5,1994
53,1,71.69440494,30.99622058,6,1994
53,10,28.345562820047007,53.52184443634322,6,1994
53,11,38.96383892,50.39940961,6,1994
53,12,43.27349919,65.44553251,6,1994
53,13,31.40721906,46.64311927,6,1994
53,2,29.64070177,59.26928032,6,1994
53,3,16.41821747,52.18811996,6,1994
53,4,37.5641,53.5897,6,1994
53,5,50.69056272,52.90136407,6,1994
53,6,30.47299334,51.74908916,6,1994
53,7,29.27085553,48.25348097,6,1994
53,8,41.356458,60.37574497,6,1994
53,9,28.32208588,59.02507708,6,1994
54,1,80.87250166,68.23076899,7,1994
54,10,29.84022662135247,54.74017669287121,7,1994
54,11,40.91338614,50.33736264,7,1994
54,12,41.61597638,64.32563159,7,1994
54,13,39.36779649,52.1898883,7,1994
54,2,33.83119273,45.469177,7,1994
54,3,16.66337243,58.67266308,7,1994
54,4,40.641,55.1282,7,1994
54,5,51.29446922,52.68495344,7,1994
54,6,50.44287449,58.246553000000006,7,1994
54,7,30.01531443,61.00295976,7,1994
54,8,46.14905106,55.10589613,7,1994
54,9,33.48659529,62.42377859,7,1994
55,1,12.91800673,72.04638946,8,1994
55,10,26.805062513771936,64.21659517012442,8,1994
55,11,47.212948,50.20231810000001,8,1994
55,12,35.71754478,65.2643382,8,1994
55,13,38.09569998,51.10031736,8,1994
55,2,30.29037383,62.69126654,8,1994
55,3,33.19522187,82.1443116,8,1994
55,4,42.1795,56.6667,8,1994
55,5,51.59435617,52.50008894,8,1994
55,6,50.48251329,57.31069687,8,1994
55,7,27.86831349,60.8065608,8,1994
55,8,38.58484401,61.73727102,8,1994
55,9,48.55662465,47.8499077,8,1994
56,1,84.97238278,46.59276797,9,1994
56,10,29.388646563618035,62.5096682931645,9,1994
56,11,49.62349934,50.27493261,9,1994
56,12,38.84474434,66.38870418,9,1994
56,13,42.61403204,65.40083415,9,1994
56,2,48.57785513,73.42867087,9,1994
56,3,24.74151039,75.68657114,9,1994
56,4,44.4872,59.2308,9,1994
56,5,52.33576553,51.83563726,9,1994
56,6,50.45215891,67.96804811,9,1994
56,7,26.78828402,59.06742702,9,1994
56,8,46.65357698,55.74124432,9,1994
56,9,52.8052402,52.26856168,9,1994
57,1,81.88140323,49.25721834,10,1994
57,10,41.3561109383798,71.60350961498372,10,1994
57,11,52.61241071,69.49438031,10,1994
57,12,45.16948648,68.19142282,10,1994
57,13,43.13373484,64.85203983,10,1994
57,2,52.28225333,70.84642611,10,1994
57,3,52.88641987,85.3449645,10,1994
57,4,46.0256,62.3077,10,1994
57,5,52.04552865,76.9954121,10,1994
57,6,50.49424079,65.94931927,10,1994
57,7,31.03937506,61.41463372,10,1994
57,8,41.58319773,58.29640842,10,1994
57,9,39.57343427,68.85102158,10,1994
58,1,12.99118843,42.78176125,11,1994
58,10,44.62344641074895,70.1001569039897,11,1994
58,11,47.38453371,69.51933976,11,1994
58,12,48.43852634,68.54066245,11,1994
58,13,44.84749369,63.40380601,11,1994
58,2,45.52180616,71.53901985,11,1994
58,3,58.61606023,83.84465351,11,1994
58,4,46.7949,64.8718,11,1994
58,5,51.74673004,77.31060048,11,1994
58,6,50.478974799999996,55.74709281,11,1994
58,7,31.61989309,68.93436947,11,1994
58,8,42.41875774,57.04254822,11,1994
58,9,35.10931543,65.67639603,11,1994
59,1,14.27458564,65.4759522,12,1994
59,10,41.0487796141806,70.5668659733624,12,1994
59,11,57.84126668,69.52918261,12,1994
59,12,51.06858459,67.66143127,12,1994
59,13,42.69597132,65.37154887,12,1994
59,2,38.00655847,67.62086589,12,1994
59,3,45.54275277,85.66476066,12,1994
59,4,47.9487,67.9487,12,1994
59,5,50.31866042,77.92604434,12,1994
59,6,50.49862723,68.40301004,12,1994
59,7,34.23574659,63.06524386,12,1994
59,8,55.25459870000001,76.77561121,12,1994
59,9,47.37182411,77.74688511,12,1994
60,1,17.71023594,71.96508265,1,1995
60,10,43.820914827845804,68.4294222643901,1,1995
60,11,58.78507316,69.4957555,1,1995
60,12,50.46523481,68.67551605,1,1995
60,13,53.19035207,61.908039699999996,1,1995
60,2,51.12213482,72.47095256,1,1995
60,3,68.69006188,77.93100493,1,1995
60,4,53.718,70.5128,1,1995
60,5,51.46182482,77.25438834,1,1995
60,6,50.49383056,76.69646563,1,1995
60,7,67.64444379,72.27252287,1,1995
60,8,59.26699262,71.88707726,1,1995
60,9,47.80029889,80.35293412,1,1995
61,1,43.48170944,32.14646234,2,1995
61,10,63.04281096644194,77.21218994593377,2,1995
61,11,60.41895732,69.19905771,2,1995
61,12,55.4740531,69.08170998,2,1995
61,13,65.68623036,71.82665300000001,2,1995
61,2,62.81091559,64.81223756,2,1995
61,3,73.12057473,73.03183302,2,1995
61,4,60.641000000000005,71.5385,2,1995
61,5,52.12368985,76.24315779999999,2,1995
61,6,70.26002844,67.21483712,2,1995
61,7,75.42161458,75.35988197,2,1995
61,8,58.62081212,73.78837307,2,1995
61,9,63.03495933,60.33758649,2,1995
62,1,71.81216539,31.8384977,3,1995
62,10,67.39609420405517,63.27674019463534,3,1995
62,11,58.40109827,69.55109144,3,1995
62,12,66.36604575,69.04871649,3,1995
62,13,66.87827761,72.65462316,3,1995
62,2,65.49914703,60.85367987,3,1995
62,3,75.68320685,70.1028045,3,1995
62,4,64.4872,71.5385,3,1995
62,5,51.967136700000005,77.08448437,3,1995
62,6,70.22043738,72.30200573,3,1995
62,7,72.11469381,72.83362587,3,1995
62,8,54.24455218,75.13968473,3,1995
62,9,64.10002348,61.65872333,3,1995
63,1,40.68250301,31.00525826,4,1995
63,10,71.16776435163156,63.88479002604402,4,1995
63,11,68.08446679,69.50668432,4,1995
63,12,71.59029658,67.30822338,4,1995
63,13,72.16547208,76.88857816,4,1995
63,2,61.36370155,67.78949616,4,1995
63,3,79.19410259,57.14469469,4,1995
63,4,69.4872,69.4872,4,1995
63,5,82.98566202,75.2280532,4,1995
63,6,70.47386171,66.76325739,4,1995
63,7,79.35046183,70.81041484,4,1995
63,8,65.95251293,64.59631891,4,1995
63,9,72.65771633,71.54503899,4,1995
64,1,49.50214835,80.47089432,5,1995
64,10,88.25957768147049,56.61438769374636,5,1995
64,11,75.01329951,50.44411755,5,1995
64,12,76.39697782,38.71489941,5,1995
64,13,71.26796108,43.74461968,5,1995
64,2,83.84868656,41.60955727,5,1995
64,3,78.66655899999999,46.96246199,5,1995
64,4,79.8718,46.9231,5,1995
64,5,83.11447934,50.65835477,5,1995
64,6,89.99702755,51.68030044,5,1995
64,7,81.65826775,45.80193476,5,1995
64,8,85.60226116,46.90953863,5,1995
64,9,77.36258327,49.04095664,5,1995
65,1,41.87428267,71.96416711,6,1995
65,10,86.57686298748956,57.83747780045732,6,1995
65,11,90.28146451,50.46722938,6,1995
65,12,89.30497584,35.54809488,6,1995
65,13,83.11902070000001,39.05424844,6,1995
65,2,84.67479859999999,53.00302532,6,1995
65,3,79.07729855,50.56493381,6,1995
65,4,84.1026,48.2051,6,1995
65,5,82.98265686,50.20336581,6,1995
65,6,89.54024371,53.09655736,6,1995
65,7,82.74259199,45.83502017,6,1995
65,8,81.56564241,46.9051032,6,1995
65,9,80.11360769,51.88688802,6,1995
66,1,93.13331677,78.07942144,7,1995
66,10,88.43251185534646,59.93427925769631,7,1995
66,11,80.94177171,50.21088198,7,1995
66,12,86.074967,36.71067294,7,1995
66,13,79.939188,39.93167463,7,1995
66,2,84.04312807,54.71417106,7,1995
66,3,79.30693617,53.71967657,7,1995
66,4,85.2564,50.0,7,1995
66,5,82.84604113,50.9295477,7,1995
66,6,89.70857859,42.24229294,7,1995
66,7,80.24718526,40.07880645,7,1995
66,8,82.08502559,49.80698774,7,1995
66,9,85.35604573,57.96898144,7,1995
67,1,30.20126408,41.67759577,8,1995
67,10,86.64714175696913,56.2952705828168,8,1995
67,11,90.6405359,50.20540696,8,1995
67,12,87.64579606,64.91266244,8,1995
67,13,76.40596745,39.76282611,8,1995
67,2,82.90944121,44.29166872,8,1995
67,3,79.32500234,54.20023232,8,1995
67,4,85.2564,53.0769,8,1995
67,5,83.18462233,50.17867185,8,1995
67,6,89.63530816,56.23387566,8,1995
67,7,82.20438347,51.982924700000005,8,1995
67,8,83.15835749,48.86324182,8,1995
67,9,83.78339767,54.85566465,8,1995
68,1,31.14740608,65.95359519,9,1995
68,10,90.2052751552342,59.812977274721014,9,1995
68,11,92.35476027,50.43829066,9,1995
68,12,89.20866858,66.06413574,9,1995
68,13,80.2118686,41.32338329,9,1995
68,2,85.87622912,49.19172196,9,1995
68,3,78.67585343,47.87519834,9,1995
68,4,86.0256,55.3846,9,1995
68,5,82.90990147,50.42269806,9,1995
68,6,89.96459946,54.68098658,9,1995
68,7,84.99951887,57.33790605,9,1995
68,8,84.00483417,66.7481899,9,1995
68,9,83.79399608,54.13319546,9,1995
69,1,31.9163907,62.93445937,10,1995
69,10,89.54519949021525,58.40244128126534,10,1995
69,11,82.21920572,50.37351885,10,1995
69,12,87.07213812,64.93592948,10,1995
69,13,83.98807799,41.78732323,10,1995
69,2,84.54765869,53.10138178,10,1995
69,3,79.159867,51.47345851,10,1995
69,4,86.0256,56.6667,10,1995
69,5,82.93532841,50.46422483,10,1995
69,6,89.61840173,57.90268661,10,1995
69,7,83.2465679,62.33623276,10,1995
69,8,90.24365992,62.35976628,10,1995
69,9,80.13639116,51.30882526,10,1995
70,1,28.86258341,64.37379798,11,1995
70,10,90.02119745877602,59.14980098060116,11,1995
70,11,81.74382872,50.25368369,11,1995
70,12,76.22251533,67.02655071,11,1995
70,13,79.65709664,39.75564907,11,1995
70,2,84.81982149,51.59984815,11,1995
70,3,79.29365993,52.75122222,11,1995
70,4,82.9487,56.1538,11,1995
70,5,83.96992038,50.44927033,11,1995
70,6,89.8341304,51.82026255,11,1995
70,7,81.74558634,58.50591009,11,1995
70,8,83.47155552,47.374896500000006,11,1995
70,9,88.70405291,61.12039438,11,1995
71,1,39.54013025,72.50932836,12,1995
71,10,79.18602451456222,55.47533479632015,12,1995
71,11,71.95138521,50.25047086,12,1995
71,12,77.93874403,65.31403223,12,1995
71,13,77.20465729,40.7498794,12,1995
71,2,84.24035555,54.37972195,12,1995
71,3,78.78238353,48.562222999999996,12,1995
71,4,80.641,53.8462,12,1995
71,5,82.99366549,49.92838028,12,1995
71,6,89.58366473,56.82839534,12,1995
71,7,83.51394949,56.24793514,12,1995
71,8,82.62212401,47.44646672,12,1995
71,9,85.81037514,55.56386503,12,1995
72,1,96.61754235,30.05228987,1,1996
72,10,78.9314915807043,56.05824505055618,1,1996
72,11,73.95187363,50.08705836,1,1996
72,12,84.12585721,64.29521778,1,1996
72,13,77.60984365,43.8568985,1,1996
72,2,83.51821167,46.480768100000006,1,1996
72,3,79.29725077,53.08124169,1,1996
72,4,78.718,51.2821,1,1996
72,5,83.09951912,50.48801364,1,1996
72,6,69.90027296,58.27227859,1,1996
72,7,80.26667197,55.40652083,1,1996
72,8,78.87113626,53.38528063,1,1996
72,9,83.54141063,55.04412336,1,1996
73,1,46.67219195,28.00332424,2,1996
73,10,78.50601075406077,55.363716084687766,2,1996
73,11,80.64738706,50.23107188,2,1996
73,12,74.61063043,38.79801214,2,1996
73,13,73.63827183,42.367822499999996,2,1996
73,2,84.26056799,53.17465627,2,1996
73,3,79.16784009999999,56.47538337,2,1996
73,4,78.718,50.0,2,1996
73,5,83.70831770000001,49.96490538,2,1996
73,6,70.35264921,51.82812745,2,1996
73,7,84.26359922,53.28396884,2,1996
73,8,79.93060279999999,49.45270777,2,1996
73,9,78.19588831,50.44418532,2,1996
74,1,88.63907662,75.40122686,3,1996
74,10,80.19248989773226,56.43524177787399,3,1996
74,11,73.11450352,50.20774112,3,1996
74,12,79.63759877,34.67575731,3,1996
74,13,78.45997390000001,39.46295984,3,1996
74,2,85.23707942,45.27200294,3,1996
74,3,79.03812388,49.57091141,3,1996
74,4,77.5641,47.9487,3,1996
74,5,82.9019501,50.75210826,3,1996
74,6,70.39520297,44.84998426,3,1996
74,7,80.23828555,44.67676155,3,1996
74,8,75.36398499,54.80268254,3,1996
74,9,71.04705221,43.827709000000006,3,1996
75,1,87.32216069,38.98001542,4,1996
75,10,60.12871785233465,30.003948429422348,4,1996
75,11,53.61252767,30.49950617,4,1996
75,12,58.81206008,30.71926194,4,1996
75,13,70.36934983,44.51733395,4,1996
75,2,53.37168776,36.03340215,4,1996
75,3,74.55750434,37.6277033,4,1996
75,4,59.8718,29.7436,4,1996
75,5,51.43887623,27.42242921,4,1996
75,6,50.48556769,24.27038239,4,1996
75,7,68.14675637,30.01126425,4,1996
75,8,60.8572275,37.08824513,4,1996
75,9,66.85464103,37.79143238,4,1996
76,1,84.68295493,65.21991355,5,1996
76,10,63.63982561865333,28.652689363637773,5,1996
76,11,65.10040907,30.52036124,5,1996
76,12,64.12919723,34.10515093,5,1996
76,13,76.24922292,41.636093,5,1996
76,2,72.84023126,28.27119417,5,1996
76,3,70.31663890000002,32.26370009,5,1996
76,4,62.1795,29.7436,5,1996
76,5,51.30411215,27.674083399999997,5,1996
76,6,70.33993489,34.74247144,5,1996
76,7,74.40452683,29.74525392,5,1996
76,8,68.51082046,32.37596192,5,1996
76,9,59.79199693,29.29278311,5,1996
77,1,29.38080856,73.05398996,6,1996
77,10,63.909144566070594,28.08700332006669,6,1996
77,11,63.50177878,30.45495589,6,1996
77,12,67.09574336,33.42337185,6,1996
77,13,69.09550167,45.42293218,6,1996
77,2,71.54859792,25.05480608,6,1996
77,3,70.70241721,32.54238034,6,1996
77,4,62.5641,31.2821,6,1996
77,5,51.59365408,27.53739532,6,1996
77,6,70.46953588,37.79931493,6,1996
77,7,72.58615520000001,37.30994835,6,1996
77,8,63.78868557,37.47701388,6,1996
77,9,60.20065091,32.19209695,6,1996
78,1,59.544446900000004,34.39836164,7,1996
78,10,89.33963889266532,58.28859928369742,7,1996
78,11,97.26969196,50.41647723,7,1996
78,12,98.93102704,66.31380967,7,1996
78,13,97.83761472,42.00285627,7,1996
78,2,82.31522364,64.758887,7,1996
78,3,85.57813388,52.82501719,7,1996
78,4,99.4872,57.9487,7,1996
78,5,94.24932783,52.26334738,7,1996
78,6,89.65804699,49.78694106,7,1996
78,7,82.53756936,61.13594691,7,1996
78,8,96.42541501,52.4066489,7,1996
78,9,99.25686729,51.43393552,7,1996
79,1,40.78254207,43.49045013,8,1996
79,10,93.31155610941828,58.786527838173754,8,1996
79,11,93.59805021,69.52506938,8,1996
79,12,98.16515684,65.30963145,8,1996
79,13,95.30498058,76.10562903,8,1996
79,2,85.23669633,63.14452748,8,1996
79,3,78.97870425,58.52828954,8,1996
79,4,99.1026,61.7949,8,1996
79,5,92.97911753,51.73728166,8,1996
79,6,89.73193252,59.75149741,8,1996
79,7,85.70569345,61.72061919,8,1996
79,8,99.64417917,50.29704327,8,1996
79,9,95.99996391,67.46413981,8,1996
80,1,30.72576036,55.13873797,9,1996
80,10,89.37788173897265,58.119015302682634,9,1996
80,11,97.19387602,69.5202566,9,1996
80,12,99.28376395,65.71407607,9,1996
80,13,92.40721563,79.20256268,9,1996
80,2,85.17474759,50.42467869,9,1996
80,3,79.25293949,56.26583426,9,1996
80,4,97.5641,64.8718,9,1996
80,5,88.38644174,75.87096369,9,1996
80,6,90.13231674,64.77479924,9,1996
80,7,83.36002884,63.60937986,9,1996
80,8,89.86413886,61.56332438,9,1996
80,9,92.50263374,65.15070528,9,1996
81,1,32.82300987,43.68439343,10,1996
81,10,89.46723206911614,60.74354404800385,10,1996
81,11,92.12048993,69.49897007,10,1996
81,12,90.95190982,67.59345319,10,1996
81,13,95.42480453,84.84824409,10,1996
81,2,82.43091876,70.64499626,10,1996
81,3,79.19392254,57.07589242,10,1996
81,4,94.1026,68.4615,10,1996
81,5,83.90349738,75.24432621,10,1996
81,6,89.92420902,70.8444476,10,1996
81,7,87.15220752,70.72371623,10,1996
81,8,89.22435565,61.08656039,10,1996
81,9,93.51706094,65.5834277,10,1996
82,1,91.11186308,35.90360973,11,1996
82,10,92.52933098813443,58.49757301373508,11,1996
82,11,91.62208824,69.52861566,11,1996
82,12,89.28123047,66.38801732,11,1996
82,13,83.79290723,81.56447532,11,1996
82,2,83.94685535,63.14904908,11,1996
82,3,79.31386485,54.25640238,11,1996
82,4,91.0256,70.7692,11,1996
82,5,83.46230334,75.19829529,11,1996
82,6,90.04206196,70.60594551,11,1996
82,7,82.42583516,75.00639264,11,1996
82,8,91.48110058,59.2364904,11,1996
82,9,99.57959113,69.28897314,11,1996
83,1,29.16921665,45.37801888,12,1996
83,10,91.22080149687076,56.41346207666473,12,1996
83,11,84.47968329,69.49976693,12,1996
83,12,91.68817735,67.80618811,12,1996
83,13,83.07829384,85.4461864,12,1996
83,2,84.96618595,62.82402452,12,1996
83,3,78.17474327,62.68567125,12,1996
83,4,86.4103,72.0513,12,1996
83,5,82.91945886,75.70104153,12,1996
83,6,89.55120323,78.64248839,12,1996
83,7,83.43739071,75.09254978,12,1996
83,8,84.11193703,66.15400509,12,1996
83,9,80.63594493,81.26944055,12,1996
84,1,43.75581895,39.77748287,1,1997
84,10,91.74217248660088,57.4370696859026,1,1997
84,11,81.81540562,69.50380137,1,1997
84,12,86.51812135,70.96261031,1,1997
84,13,76.51623895,80.31249138,1,1997
84,2,82.17115106,70.23686952,1,1997
84,3,76.1123175,68.08560586,1,1997
84,4,83.3333,73.8462,1,1997
84,5,82.88405139,75.47933966,1,1997
84,6,89.59265401,70.81069225,1,1997
84,7,82.0293547,70.32792918,1,1997
84,8,85.05564081,67.23133478,1,1997
84,9,76.81570309,78.57574484,1,1997
85,1,33.31723848,38.66446116,2,1997
85,10,78.34221916677134,62.2299139377369,2,1997
85,11,81.83598756,69.4875894,2,1997
85,12,78.82094807,71.99363717,2,1997
85,13,79.89606568,80.7662323,2,1997
85,2,80.38502135,70.04273524,2,1997
85,3,77.39918845,65.11812196,2,1997
85,4,79.1026,75.1282,2,1997
85,5,82.93211578,75.19456687,2,1997
85,6,70.42337521,66.76994662,2,1997
85,7,79.40817475,70.86333083,2,1997
85,8,78.27061090000001,73.70990687,2,1997
85,9,74.34420415,74.1867735,2,1997
86,1,84.67601083,39.04403669,3,1997
86,10,62.49865101140901,73.87401600748271,3,1997
86,11,71.11596722,69.51911573,3,1997
86,12,80.80068306,72.47983433,3,1997
86,13,81.71147985,82.67011248,3,1997
86,2,80.97121843,72.57062345,3,1997
86,3,75.79005545,68.7456313,3,1997
86,4,75.2564,76.6667,3,1997
86,5,82.96238879,74.82025396,3,1997
86,6,70.31692717,73.33636816,3,1997
86,7,79.88619942,75.77990482,3,1997
86,8,72.89153368,76.58045136,3,1997
86,9,74.52696565,72.62220941,3,1997
87,1,79.40660306,91.63996144,4,1997
87,10,63.5088778157961,76.45324007276216,4,1997
87,11,70.49344382,69.50437629,4,1997
87,12,72.95153085,74.07842923,4,1997
87,13,73.52371896,77.16362548,4,1997
87,2,79.98409314,75.13071604,4,1997
87,3,78.0414095,63.09022514,4,1997
87,4,71.4103,77.6923,4,1997
87,5,83.03499717,75.16434049,4,1997
87,6,70.30051188,73.10514816,4,1997
87,7,77.75955818,78.09365907,4,1997
87,8,71.56252768,78.87658116,4,1997
87,9,73.81966846,75.14151959,4,1997
88,1,85.38993338,47.48813268,5,1997
88,10,62.06142766782769,79.74826630607446,5,1997
88,11,61.49756395,69.51257301,5,1997
88,12,69.71604842,72.03628802,5,1997
88,13,68.47956429,74.07070003,5,1997
88,2,70.77843179,83.29390573,5,1997
88,3,69.31214977,77.20458932,5,1997
88,4,66.7949,79.7436,5,1997
88,5,82.9452793,75.26335555,5,1997
88,6,70.44531419,74.67825414,5,1997
88,7,71.97336009,76.74576122,5,1997
88,8,72.44730949,77.44900214,5,1997
88,9,73.90044488,75.16866784,5,1997
89,1,22.03401164,44.59021258,6,1997
89,10,51.44877318791337,77.53086481504725,6,1997
89,11,62.23432697,89.49420056,6,1997
89,12,59.66564471,72.99818627,6,1997
89,13,71.92636352,74.11423087,6,1997
89,2,73.93230972,79.66426228,6,1997
89,3,62.68186979,82.03390848,6,1997
89,4,60.2564,81.7949,6,1997
89,5,51.15177033,77.75641893,6,1997
89,6,70.35430896,80.24025095,6,1997
89,7,69.74930082,78.46460344,6,1997
89,8,65.54332402,86.85370735,6,1997
89,9,55.38857883,85.32420289,6,1997
90,1,70.46619408,39.08961455,7,1997
90,10,55.37735998246896,81.78527841867877,7,1997
90,11,53.21633062,89.50012405,7,1997
90,12,57.58988376,74.81213123,7,1997
90,13,62.63515058,68.94207546,7,1997
90,2,64.624247,88.43210253,7,1997
90,3,63.8949255,81.57794592,7,1997
90,4,55.2564,83.3333,7,1997
90,5,50.47557897,77.95443505,7,1997
90,6,50.47270179,70.94684907,7,1997
90,7,70.04405726,76.74568485,7,1997
90,8,52.72317979,79.8065313,7,1997
90,9,56.30196801,84.0905076,7,1997
91,1,19.91406841,42.22937838,8,1997
91,10,59.97560342433345,84.81603325648224,8,1997
91,11,48.89079655,89.49024625,8,1997
91,12,46.27418787,73.02730502,8,1997
91,13,67.35327113,73.24200233,8,1997
91,2,64.00150664,89.11555901,8,1997
91,3,53.78167666,85.18014328,8,1997
91,4,51.4103,85.1282,8,1997
91,5,52.15779927,77.08333777,8,1997
91,6,50.45532602,88.66266381,8,1997
91,7,65.51240471,85.16168219,8,1997
91,8,54.202784799999996,76.98827347,8,1997
91,9,55.83093038,86.25622382,8,1997
92,1,60.26427925,37.00038714,9,1997
92,10,53.84360491385092,78.02012963004722,9,1997
92,11,46.62990667,89.49778562,9,1997
92,12,51.48691819,77.06711193,9,1997
92,13,34.32915759,71.86701316,9,1997
92,2,57.76819305,89.09219763,9,1997
92,3,57.25616809,84.28682499,9,1997
92,4,47.5641,86.4103,9,1997
92,5,52.10465206,76.06355025,9,1997
92,6,50.49486589,84.40595283,9,1997
92,7,34.96559448,91.80835257,9,1997
92,8,49.14101545,79.47935749999999,9,1997
92,9,42.90190791,92.54879332,9,1997
93,1,70.65250285,39.05208648,10,1997
93,10,57.378630224506324,84.18678653771701,10,1997
93,11,48.42340816,89.50485113,10,1997
93,12,46.62244265,75.01713687,10,1997
93,13,34.69921861,71.56918885,10,1997
93,2,52.62335326,91.72600577,10,1997
93,3,45.02416586,85.62248671,10,1997
93,4,46.0256,87.9487,10,1997
93,5,51.16563781,77.68201632,10,1997
93,6,50.49196696,75.98710471,10,1997
93,7,34.76925386,91.88744859,10,1997
93,8,46.99090362,82.30415956,10,1997
93,9,37.7803861,90.34263451,10,1997
94,1,60.81440485,37.48841474,11,1997
94,10,53.81910258039392,78.27830525117383,11,1997
94,11,43.3473437,89.50105265,11,1997
94,12,38.44025097,76.66530773,11,1997
94,13,34.68051699,71.48290969,11,1997
94,2,48.97021089,91.73553876,11,1997
94,3,50.76233791,85.60449902,11,1997
94,4,42.5641,89.4872,11,1997
94,5,51.867562299999996,76.87808198,11,1997
94,6,50.48938939,91.11208542,11,1997
94,7,32.37715443,92.24840166,11,1997
94,8,41.46670301,90.70069125,11,1997
94,9,37.57138618,85.81916290000001,11,1997
95,1,65.5213546,69.35955946,12,1997
95,10,51.43801959554829,77.43350085022914,12,1997
95,11,40.62509122,89.48884125,12,1997
95,12,45.92684338,77.91587423,12,1997
95,13,23.13923184,78.12852205,12,1997
95,2,53.31265209,91.50788817,12,1997
95,3,38.76141016,84.42478583,12,1997
95,4,39.8718,93.3333,12,1997
95,5,51.90751654,76.94850272,12,1997
95,6,30.60391937,98.28812327,12,1997
95,7,34.38429465,91.78253274,12,1997
95,8,36.18970161,95.44348781,12,1997
95,9,40.13311342,90.44181811,12,1997
96,1,62.46031128,43.54277593,1,1998
96,10,22.955828477823804,74.91022560440491,1,1998
96,11,45.81517919,89.50162353,1,1998
96,12,39.12098532,73.74204608,1,1998
96,13,25.59719335,78.78982525,1,1998
96,2,31.47743488,88.2390019,1,1998
96,3,44.56009644,85.57098508,1,1998
96,4,36.7949,95.3846,1,1998
96,5,49.66254553,77.86405471,1,1998
96,6,30.50040287,95.06527484,1,1998
96,7,28.0536005,96.08051937,1,1998
96,8,35.09530111,94.99748805,1,1998
96,9,39.91793113,92.01755908,1,1998
97,1,65.33483281,39.81123025,2,1998
97,10,14.458683555073772,76.41619524830458,2,1998
97,11,33.90137267,89.49752966,2,1998
97,12,32.83035192,75.32981579,2,1998
97,13,23.44721447,77.7815468,2,1998
97,2,30.47603101,88.5305192,2,1998
97,3,39.48707751,84.62672420000001,2,1998
97,4,33.718,98.2051,2,1998
97,5,17.11125121,75.77145009,2,1998
97,6,30.45945421,95.24923396,2,1998
97,7,28.07075149,92.24789883,2,1998
97,8,36.89026313,91.51784725,2,1998
97,9,46.00883027,95.26052784,2,1998
98,1,7.593465609,70.06892594,3,1998
98,10,35.11226326254107,56.86756063446351,3,1998
98,11,37.6707718,50.43909202,3,1998
98,12,38.37773561,63.41043551,3,1998
98,13,34.15245001,48.53062937,3,1998
98,2,30.44585028,55.36516034,3,1998
98,3,22.81624794,73.39615493,3,1998
98,4,40.641,56.6667,3,1998
98,5,51.87886035,52.33156913,3,1998
98,6,50.43131987,49.65612629,3,1998
98,7,24.06060793,57.66227662,3,1998
98,8,40.02953331,62.29264219,3,1998
98,9,42.31155241,41.2902998,3,1998
99,1,77.1438066,70.04054358,4,1998
99,10,34.028534391077734,57.362226871656354,4,1998
99,11,36.80755934,50.17985013,4,1998
99,12,43.08414721,68.85648667,4,1998
99,13,42.2810847,65.53078147,4,1998
99,2,30.44713567,62.56025887,4,1998
99,3,22.85698876,73.50744773,4,1998
99,4,38.3333,59.2308,4,1998
99,5,51.39159152,52.59281837,4,1998
99,6,30.49258193,63.01860093,4,1998
99,7,26.17771249,59.84692489,4,1998
99,8,41.27067767,59.20347561,4,1998
99,9,36.53610974,66.43132432,4,1998
100,1,74.85162722,39.50578908,5,1998
100,10,23.834224446489323,66.17762815275344,5,1998
100,11,33.7401525,69.50507067,5,1998
100,12,33.306509999999996,66.33778505,5,1998
100,13,36.44818479,70.11803414,5,1998
100,2,30.2537213,58.00666912,5,1998
100,3,17.72406884,63.35648811,5,1998
100,4,33.718,60.7692,5,1998
100,5,17.04828941,50.47704772,5,1998
100,6,30.48355825,70.5382006,5,1998
100,7,27.77650056,64.06709621,5,1998
100,8,32.85410412,65.25639277,5,1998
100,9,32.71343161,63.98634689,5,1998
101,1,66.48473224,62.51689085,6,1998
101,10,22.330261633785454,68.9059901986446,6,1998
101,11,21.93523675,69.57986705,6,1998
101,12,26.6441143,64.20371850000001,6,1998
101,13,36.08805306,70.47226261,6,1998
101,2,29.0115352,55.06711799,6,1998
101,3,22.51149983,72.95904687,6,1998
101,4,29.1026,63.0769,6,1998
101,5,17.01565319,75.29647509,6,1998
101,6,30.51004482,70.08686977,6,1998
101,7,23.93429816,60.9815014,6,1998
101,8,35.41499923,62.444742500000004,6,1998
101,9,29.38572405,61.26968209,6,1998
102,1,0.015119325,72.13992541,7,1998
102,10,26.506178161673564,63.40875548743852,7,1998
102,11,22.72866287,69.50647195,7,1998
102,12,22.86350133,64.49863483,7,1998
102,13,28.07200817,76.79113007,7,1998
102,2,29.99439119,61.61477596,7,1998
102,3,17.88358125,64.02084165,7,1998
102,4,25.2564,64.1026,7,1998
102,5,17.06219214,75.57395413,7,1998
102,6,30.54642456,62.68569044,7,1998
102,7,26.80258322,59.96705791,7,1998
102,8,27.62426383,72.46240629,7,1998
102,9,28.05173634,60.74938919,7,1998
103,1,70.00342132,45.25157607,8,1998
103,10,16.23679319631196,78.31840831528528,8,1998
103,11,16.33746998,69.49947887,8,1998
103,12,27.29620567,68.89099061,8,1998
103,13,33.03925697,72.40935459,8,1998
103,2,35.65783217,68.54314354,8,1998
103,3,17.11635336,61.12446324,8,1998
103,4,24.1026,64.359,8,1998
103,5,17.04110689,75.40052716,8,1998
103,6,30.50600524,69.23941796,8,1998
103,7,21.99550858,62.70745411,8,1998
103,8,29.31109272,69.91942626,8,1998
103,9,16.61227651,64.65523056,8,1998
104,1,2.335196612,42.06330456,9,1998
104,10,14.425824279836858,77.83963452237582,9,1998
104,11,27.13602399,69.50026475,9,1998
104,12,21.96163975,72.37152334,9,1998
104,13,25.56954415,76.27129982,9,1998
104,2,20.30426019,77.70610965,9,1998
104,3,24.78250097,75.67420733,9,1998
104,4,22.9487,74.359,9,1998
104,5,17.13489391,75.87099084,9,1998
104,6,30.48500637,80.40023368,9,1998
104,7,22.70979217,69.19523520000001,9,1998
104,8,23.49137356,77.76285908,9,1998
104,9,18.508012899999997,68.63828071,9,1998
105,1,6.00584865,36.35569515,10,1998
105,10,15.106888872336203,76.707579926191,10,1998
105,11,23.668918100000003,69.50415652,10,1998
105,12,19.99985045,69.76542497,10,1998
105,13,27.77061074,76.95325914,10,1998
105,2,13.03552859,68.453046,10,1998
105,3,20.27935789,69.51358316,10,1998
105,4,22.9487,71.2821,10,1998
105,5,17.06772306,75.60588476,10,1998
105,6,30.67386286,74.64787823,10,1998
105,7,20.694173100000004,65.59236265,10,1998
105,8,26.90053537,72.77841020000001,10,1998
105,9,16.78765607,65.77666516,10,1998
106,1,42.75961287,30.39182766,11,1998
106,10,16.19742958940755,77.4326985351243,11,1998
106,11,21.85090082,69.53227958,11,1998
106,12,18.91567644,68.62131244,11,1998
106,13,30.01698342,75.10773009,11,1998
106,2,12.38463915,68.25720644,11,1998
106,3,16.64270381,58.57213547,11,1998
106,4,22.1795,67.9487,11,1998
106,5,17.16994971,75.89557705,11,1998
106,6,30.47502419,65.99527272,11,1998
106,7,22.44314555,64.61709853,11,1998
106,8,33.02717179,65.19831667,11,1998
106,9,19.38595753,71.13412634,11,1998
107,1,50.54626907,36.44900385,12,1998
107,10,16.114692404003822,76.24560300613723,12,1998
107,11,11.79162601,69.50011149,12,1998
107,12,20.42874969,64.29773717,12,1998
107,13,29.03886538,75.9692852,12,1998
107,2,13.25038497,70.25547467,12,1998
107,3,21.145888100000004,70.98194099,12,1998
107,4,20.2564,65.8974,12,1998
107,5,17.10571651,75.7465632,12,1998
107,6,30.49452395,67.088559,12,1998
107,7,17.76790181,59.19115913,12,1998
107,8,30.19703151,69.45985889,12,1998
107,9,14.5214212,63.7231835,12,1998
108,1,60.02751209,40.467576,1,1999
108,10,16.269725658513646,76.62562352888449,1,1999
108,11,15.61435826,69.50481542,1,1999
108,12,18.59108534,66.69926509,1,1999
108,13,24.87475317,75.28388701,1,1999
108,2,11.00084148,65.04432528,1,1999
108,3,18.39719512,65.2230304,1,1999
108,4,19.1026,63.0769,1,1999
108,5,16.75492389,75.14234148,1,1999
108,6,10.54318778,59.85257703,1,1999
108,7,21.61856967,55.83963137,1,1999
108,8,12.35431367,59.31505552,1,1999
108,9,24.07381254,73.00149407,1,1999
109,1,6.037544846,81.72461679999999,2,1999
109,10,15.62986546875201,78.15160929046347,2,1999
109,11,17.16908977,69.50347452,2,1999
109,12,16.44793813,67.54452768,2,1999
109,13,27.90563909,77.05224064,2,1999
109,2,11.87211171,60.09224661,2,1999
109,3,18.3337483,65.31504391,2,1999
109,4,19.1026,61.2821,2,1999
109,5,17.07814052,50.66177956,2,1999
109,6,10.52257453,53.74899007,2,1999
109,7,21.17100749,59.00075862,2,1999
109,8,20.84361069,51.48771336,2,1999
109,9,20.57834511,72.4366575,2,1999
110,1,76.63533058,48.8231975,3,1999
110,10,15.70599831833314,76.1939188451326,3,1999
110,11,16.50601506,50.37740199,3,1999
110,12,18.69284545,63.94695198,3,1999
110,13,25.55695941,42.82675634,3,1999
110,2,9.906668482999999,52.99202897,3,1999
110,3,17.92447819,64.01024068,3,1999
110,4,18.3333,58.7179,3,1999
110,5,17.08518438,50.69985064,3,1999
110,6,10.49489903,58.23909552,3,1999
110,7,25.14456421,56.45937113,3,1999
110,8,15.32178517,57.11244755,3,1999
110,9,19.91312654,68.41276712,3,1999
111,1,57.28601558,35.62056177,4,1999
111,10,25.70064882281051,48.14771603879148,4,1999
111,11,18.72345069,50.33942548,4,1999
111,12,15.77281228,64.38819207,4,1999
111,13,24.94652645,42.08066069,4,1999
111,2,12.21154309,50.14462898,4,1999
111,3,16.59861054,57.14093593,4,1999
111,4,18.3333,55.1282,4,1999
111,5,17.14760476,50.91894087,4,1999
111,6,10.72492928,54.810300500000004,4,1999
111,7,19.41705412,52.35810536,4,1999
111,8,19.17096988,50.22441782,4,1999
111,9,20.235060999999998,52.85831502,4,1999
112,1,71.8066161,50.58396311,5,1999
112,10,17.770792621629536,42.75496958376546,5,1999
112,11,11.60771342,50.0936501,5,1999
112,12,23.76575822,65.57004569,5,1999
112,13,18.32492922,39.87830465,5,1999
112,2,11.20713449,46.50861419,5,1999
112,3,16.32654637,56.36515326,5,1999
112,4,18.3333,52.3077,5,1999
112,5,16.90746981,50.72525854,5,1999
112,6,10.85949028,52.97671232,5,1999
112,7,17.0334946,51.81166378,5,1999
112,8,18.53487085,50.43386119,5,1999
112,9,24.24191558,53.52995267,5,1999
113,1,71.79274316,61.85646511,6,1999
113,10,20.73797117171403,44.52283737993505,6,1999
113,11,22.25613974,49.93412717,6,1999
113,12,19.04685867,38.40283688,6,1999
113,13,17.71894779,36.47549917,6,1999
113,2,11.31894489,43.80703196,6,1999
113,3,18.40255939,43.04618324,6,1999
113,4,17.5641,49.7436,6,1999
113,5,17.16234971,51.26387123,6,1999
113,6,10.49563692,52.20389393,6,1999
113,7,19.50366554,54.22284562,6,1999
113,8,14.78845971,56.3803054,6,1999
113,9,18.089394600000002,50.75974105,6,1999
114,1,59.30081967,39.32375603,7,1999
114,10,24.012059554011486,50.05762854315685,7,1999
114,11,13.43641047,50.28881861,7,1999
114,12,14.46948945,37.83236002,7,1999
114,13,15.44561165,37.10307364,7,1999
114,2,10.94514243,57.81785469,7,1999
114,3,16.45387453,52.08175556,7,1999
114,4,16.0256,47.4359,7,1999
114,5,17.24045586,51.25091965,7,1999
114,6,10.52490557,50.74516224,7,1999
114,7,23.48927402,49.0187554,7,1999
114,8,14.00961192,54.8635046,7,1999
114,9,10.16986846,42.53480844,7,1999
115,1,66.03489782,42.18567914,8,1999
115,10,16.33896901911661,41.47239665957998,8,1999
115,11,12.87228221,50.28799443,8,1999
115,12,13.58381575,36.90416117,8,1999
115,13,13.52386987,34.14896821,8,1999
115,2,9.691547134,50.94049266,8,1999
115,3,18.48941103,42.87903652,8,1999
115,4,13.718,44.8718,8,1999
115,5,17.18019648,50.78515721,8,1999
115,6,10.48754724,42.71319362,8,1999
115,7,17.51450806,35.653581200000005,8,1999
115,8,3.985426293,45.49985765,8,1999
115,9,13.39629075,41.53039785,8,1999
116,1,37.3416401,30.84691899,9,1999
116,10,14.316814628793068,38.58913995062629,9,1999
116,11,20.40447292,50.234720700000004,9,1999
116,12,17.10577073,36.28614305,9,1999
116,13,15.01589013,37.57942191,9,1999
116,2,11.91406917,63.49732308,9,1999
116,3,16.48571364,51.566994799999996,9,1999
116,4,14.8718,48.7179,9,1999
116,5,17.10577072,50.50139658,9,1999
116,6,10.49587339,45.31722551,9,1999
116,7,16.78920162,46.96578576,9,1999
116,8,21.59009692,49.93674531,9,1999
116,9,15.61327447,46.71451799,9,1999
117,1,42.14874183,29.34620043,10,1999
117,10,13.915891120349823,40.137954894017334,10,1999
117,11,15.60873757,50.27970164,10,1999
117,12,13.918993099999998,62.78663259,10,1999
117,13,12.21446893,41.06430579,10,1999
117,2,11.93385209,50.01648295,10,1999
117,3,16.63763522,58.83912512,10,1999
117,4,14.8718,51.2821,10,1999
117,5,16.99296341,50.73367454,10,1999
117,6,10.5068606,53.11691504,10,1999
117,7,16.75791601,49.58423926,10,1999
117,8,17.76641445,53.80987292,10,1999
117,9,16.21227822,48.45061765,10,1999
118,1,1.210551663,82.11055798,11,1999
118,10,14.40356492943012,38.13529115791621,11,1999
118,11,11.30208425,50.25300672,11,1999
118,12,11.41249716,66.81767922,11,1999
118,13,20.91937219,42.19526615,11,1999
118,2,11.97472107,58.63676508,11,1999
118,3,17.03323151,60.75578914,11,1999
118,4,14.8718,54.1026,11,1999
118,5,17.08831585,50.71137854,11,1999
118,6,10.50813694,57.04980182,11,1999
118,7,21.96908401,51.85629997,11,1999
118,8,9.039949921,59.85267828,11,1999
118,9,7.058037199,59.63261012,11,1999
119,1,60.01778579,38.30200581,12,1999
119,10,19.417502695696445,41.349024455260455,12,1999
119,11,12.46199667,50.47414112,12,1999
119,12,18.08530514,66.75502141,12,1999
119,13,15.74887589,36.60557824,12,1999
119,2,11.41288267,54.73028909,12,1999
119,3,16.3661891,54.76115612,12,1999
119,4,14.1026,56.1538,12,1999
119,5,16.57271805,50.8127449,12,1999
119,6,10.46391519,54.85463095,12,1999
119,7,16.7897576,55.95288863,12,1999
119,8,19.52121535,48.17565679,12,1999
119,9,13.41082272,61.61856825,12,1999
120,1,70.51251481,56.58415302,1,2000
120,10,21.448309134658576,48.573202564482315,1,2000
120,11,18.25904434,50.10843997,1,2000
120,12,10.46351221,65.41552839,1,2000
120,13,19.32384075,39.43116121,1,2000
120,2,11.73243636,65.8755478,1,2000
120,3,16.33971255,53.569905000000006,1,2000
120,4,12.5641,52.0513,1,2000
120,5,17.22109553,51.01423296,1,2000
120,6,10.49833194,54.92484256,1,2000
120,7,19.925125199999997,51.66378626,1,2000
120,8,17.83840561,50.74171907,1,2000
120,9,17.72595587,48.83398913,1,2000
121,1,0.509106735,33.33937429,2,2000
121,10,17.077916218518983,38.856101285699374,2,2000
121,11,3.7168538860000004,49.91905825,2,2000
121,12,13.5143775,36.94633144,2,2000
121,13,11.9284457,37.56207634,2,2000
121,2,9.920560854,57.06098271,2,2000
121,3,16.79863708,48.91461824,2,2000
121,4,11.0256,48.7179,2,2000
121,5,17.06474308,50.35352141,2,2000
121,6,10.48881424,63.30955403,2,2000
121,7,17.12890368,45.85966932,2,2000
121,8,14.14866285,58.459761300000004,2,2000
121,9,13.90881239,45.34265319,2,2000
122,1,35.48410121,78.77423904,3,2000
122,10,17.207615986621633,40.38702103648546,3,2000
122,11,10.2358819,50.08366451,3,2000
122,12,9.601034295,37.82543474,3,2000
122,13,13.71315823,34.23811004,3,2000
122,2,10.49465268,46.81990795,3,2000
122,3,16.38483638,52.64613731,3,2000
122,4,9.8718,47.1795,3,2000
122,5,17.0651685,50.43552957,3,2000
122,6,10.48580291,49.74949841,3,2000
122,7,18.74105141,39.74037952,3,2000
122,8,1.741461713,50.11459752,3,2000
122,9,11.6937811,42.41501229,3,2000
123,1,25.98687818,27.92264424,4,2000
123,10,15.665665773434444,40.125594632343386,4,2000
123,11,12.46860053,50.35226084,4,2000
123,12,9.333302107,36.72283794,4,2000
123,13,4.57766135,34.14094104,4,2000
123,2,13.43132262,38.35939487,4,2000
123,3,16.67633028,49.83849299,4,2000
123,4,6.0256,46.1538,4,2000
123,5,17.07652235,50.63098196,4,2000
123,6,10.49730024,41.16931042,4,2000
123,7,17.85498812,52.81122164,4,2000
123,8,5.372408995,45.42038208,4,2000
123,9,9.369201218999999,58.93476506,4,2000
124,1,10.86814451,71.69786512,5,2000
124,10,17.31707991221745,41.06209847068158,5,2000
124,11,7.409625234,50.49757224,5,2000
124,12,6.049214582,67.07332178,5,2000
124,13,17.68196446,36.6592677,5,2000
124,2,12.85345178,47.31541578,5,2000
124,3,16.40796278,52.6840664,5,2000
124,4,9.4872,50.5128,5,2000
124,5,17.20885971,51.06680720000001,5,2000
124,6,10.50753214,46.6883405,5,2000
124,7,17.30611552,56.78910436,5,2000
124,8,0.303872421,51.3532682,5,2000
124,9,10.63264156,60.68362604,5,2000
125,1,49.17391898,74.13833139,6,2000
125,10,14.777040217594653,39.524005254422164,6,2000
125,11,16.25368479,50.01630583,6,2000
125,12,12.00191696,64.60181811,6,2000
125,13,20.24086137,40.64371928,6,2000
125,2,11.94998862,55.05191654,6,2000
125,3,18.14076495,65.80721903,6,2000
125,4,10.2564,53.8462,6,2000
125,5,17.20421434,50.79235473,6,2000
125,6,10.49590636,52.41892192,6,2000
125,7,17.67353439,54.11453178,6,2000
125,8,19.29003045,53.09170442,6,2000
125,9,6.5696487029999995,54.81179837,6,2000
126,1,1.8081155969999998,32.57902007,7,2000
126,10,18.087041415255847,41.703173046534005,7,2000
126,11,13.35670246,50.46822122,7,2000
126,12,15.54538608,65.43728218,7,2000
126,13,13.39213473,36.79248159,7,2000
126,2,9.765591622,50.51596026,7,2000
126,3,17.05180236,60.67392092,7,2000
126,4,10.2564,57.4359,7,2000
126,5,17.08465518,50.55127806,7,2000
126,6,10.50308987,50.87848838,7,2000
126,7,17.36957458,55.57111973,7,2000
126,8,11.61287779,58.94316654,7,2000
126,9,11.02758584,61.58684243,7,2000
127,1,69.15250814,59.83218542,8,2000
127,10,14.829223181254537,76.85604827363163,8,2000
127,11,9.032987569,69.55067898,8,2000
127,12,15.34582664,67.00402238,8,2000
127,13,22.74479591,75.94830064,8,2000
127,2,10.38313251,49.67741465,8,2000
127,3,17.70053514,63.39471287,8,2000
127,4,10.640999999999998,60.0,8,2000
127,5,17.09388377,50.55975806,8,2000
127,6,10.51406924,57.05330614,8,2000
127,7,18.19735483,65.3064625,8,2000
127,8,10.57213637,59.31099042,8,2000
127,9,11.51909686,59.71600776,8,2000
128,1,12.53664934,35.03062855,9,2000
128,10,16.933766574373564,74.72865922774218,9,2000
128,11,15.18048643,69.51867275,9,2000
128,12,5.249805481,66.72419207,9,2000
128,13,20.91854722,76.84069247,9,2000
128,2,14.12865153,67.28065952,9,2000
128,3,18.21687863,64.80200945,9,2000
128,4,10.640999999999998,64.1026,9,2000
128,5,15.77189199,75.32597855,9,2000
128,6,10.51369504,70.78645116,9,2000
128,7,17.22287065,66.99074915,9,2000
128,8,1.1338803659999999,68.22219866,9,2000
128,9,5.645777483,58.41638401,9,2000
129,1,42.47709459,74.30011983,10,2000
129,10,15.457996647994122,76.2320566752447,10,2000
129,11,16.87831327,69.50345741,10,2000
129,12,13.28091652,68.30761876,10,2000
129,13,19.87455821,81.95047764,10,2000
129,2,12.03791702,66.17301826,10,2000
129,3,18.2878245,65.02593981,10,2000
129,4,10.640999999999998,66.9231,10,2000
129,5,17.00426226,75.04472578,10,2000
129,6,10.50327235,56.77214957,10,2000
129,7,16.81427479,72.15671894,10,2000
129,8,7.491232482999999,62.51177199,10,2000
129,9,10.54014209,59.24380953,10,2000
130,1,65.95248620000001,63.25019706,11,2000
130,10,16.100627804878943,75.94188205298195,11,2000
130,11,10.20782668,69.49948683,11,2000
130,12,13.52145655,68.76804828,11,2000
130,13,16.59175998,81.64370569,11,2000
130,2,10.08453441,61.08854414,11,2000
130,3,18.51621583,65.75555154,11,2000
130,4,10.640999999999998,71.2821,11,2000
130,5,16.17493491,75.28708772,11,2000
130,6,10.51856804,75.47722202,11,2000
130,7,17.15575228,70.9805804,11,2000
130,8,1.488132333,69.38005636,11,2000
130,9,8.917344045,56.59436464,11,2000
131,1,25.69367431,34.17307376,12,2000
131,10,14.803512554886975,77.05828532241796,12,2000
131,11,9.992296666,69.52752968,12,2000
131,12,5.349880873,74.16727175,12,2000
131,13,14.2477619,84.61021978,12,2000
131,2,13.38022601,66.05308577,12,2000
131,3,20.53898878,69.96773412,12,2000
131,4,10.640999999999998,74.359,12,2000
131,5,17.03184749,75.23996998,12,2000
131,6,10.49699906,76.76591215,12,2000
131,7,19.3692817,72.22208221,12,2000
131,8,18.52937624,82.80024787,12,2000
131,9,17.98736343,68.49251322,12,2000
132,1,38.55901955,40.91383193,1,2001
132,10,14.736012743359767,76.73017092574086,1,2001
132,11,11.422685699999999,69.51909526,1,2001
132,12,16.24525837,64.90035797,1,2001
132,13,8.98065579,84.10287943,1,2001
132,2,15.23422594,72.66998927,1,2001
132,3,20.03244884,68.89278402,1,2001
132,4,10.640999999999998,78.2051,1,2001
132,5,17.0049424,75.15245920000001,1,2001
132,6,10.49587423,77.62104913,1,2001
132,7,20.74021837,79.70015835,1,2001
132,8,15.01836954,85.16033218,1,2001
132,9,15.91266865,65.00594317,1,2001
133,1,62.51089423,62.83329309,2,2001
133,10,14.439408695481704,78.32166240441235,2,2001
133,11,15.99980379,69.56189943,2,2001
133,12,8.700572944,68.76343355,2,2001
133,13,19.08884413,80.18002545,2,2001
133,2,10.82841448,61.5034725,2,2001
133,3,17.26965545,61.82654656,2,2001
133,4,8.718,67.9487,2,2001
133,5,16.69484223,75.96184009,2,2001
133,6,10.68184013,65.41448705,2,2001
133,7,14.91396246,64.24916065,2,2001
133,8,0.6014909420000001,67.09584770000001,2,2001
133,9,15.62096103,63.92103671,2,2001
134,1,56.73128997,42.47679238,3,2001
134,10,14.296141294454305,75.40967401559628,3,2001
134,11,5.9558335389999995,69.50104452,3,2001
134,12,12.27329434,66.81691392,3,2001
134,13,8.365638902,80.57327299,3,2001
134,2,13.99431053,68.99502863,3,2001
134,3,17.04620486,60.78797008,3,2001
134,4,5.2564,68.4615,3,2001
134,5,17.04514941,75.44806251,3,2001
134,6,10.50723293,69.9647805,3,2001
134,7,20.1891325,66.94329143,3,2001
134,8,5.749974719,62.30775057,3,2001
134,9,5.875109527999999,53.51297054,3,2001
135,1,64.56666203,52.03345628,4,2001
135,10,15.984054272384979,78.50323483861462,4,2001
135,11,2.73476017,69.52463598,4,2001
135,12,0.21700627,67.30934665,4,2001
135,13,10.62819777,79.00432686,4,2001
135,2,17.88324091,78.24991617,4,2001
135,3,17.28219122,61.91560964,4,2001
135,4,2.9487,68.2051,4,2001
135,5,16.94292965,75.75938382,4,2001
135,6,10.48215951,64.96973826,4,2001
135,7,18.24350939,66.94167666,4,2001
135,8,7.913310474,59.97041505,4,2001
135,9,9.222384623,57.83280627,4,2001
136,1,74.28774883,48.90704296,5,2001
136,10,24.669758868393096,41.14104015306764,5,2001
136,11,26.08556157,30.49959371,5,2001
136,12,19.60179507,34.73182931,5,2001
136,13,24.26148793,40.04818647,5,2001
136,2,15.16276009,36.48198057,5,2001
136,3,17.7244473,45.02899753,5,2001
136,4,25.7692,37.6923,5,2001
136,5,16.94627981,50.378262299999996,5,2001
136,6,30.40794603,38.05024078,5,2001
136,7,22.73136637,39.64826665,5,2001
136,8,32.14402261,39.91163517,5,2001
136,9,28.92814189,31.03291744,5,2001
137,1,72.95839097,59.85183839,6,2001
137,10,19.23422367315867,42.87040846704685,6,2001
137,11,19.77947037,30.48739171,6,2001
137,12,26.09049021,33.67444215,6,2001
137,13,13.96968346,34.79459354,6,2001
137,2,29.67977429,50.96774838,6,2001
137,3,19.70184953,39.92136281,6,2001
137,4,25.3846,39.4872,6,2001
137,5,17.01958137,50.53363501,6,2001
137,6,30.49803716,42.22412022,6,2001
137,7,26.52174923,37.94978369,6,2001
137,8,32.13613173,39.59650098,6,2001
137,9,32.53856948,31.33324409,6,2001
138,1,72.62952573,48.9604602,7,2001
138,10,53.171503864988544,79.31497312202758,7,2001
138,11,31.97891744,89.50018047,7,2001
138,12,37.12875195,75.62725502,7,2001
138,13,22.09459148,79.22176444,7,2001
138,2,46.67434284,91.19105361,7,2001
138,3,55.56865037,84.79427788,7,2001
138,4,41.5385,91.2821,7,2001
138,5,50.16698595,77.50090732,7,2001
138,6,50.48993653,87.69846429,7,2001
138,7,34.89402529,86.50439056,7,2001
138,8,33.2341294,95.59341640000001,7,2001
138,9,38.74693317,86.40154985,7,2001
139,1,36.79171369,46.84485517,8,2001
139,10,87.68968928584643,58.94666194468495,8,2001
139,11,98.62836944,50.41027163,8,2001
139,12,89.13623987,40.61012542,8,2001
139,13,93.12173324,36.03087977,8,2001
139,2,85.33648676,55.86376849,8,2001
139,3,83.35647962,55.66295874,8,2001
139,4,95.7692,50.0,8,2001
139,5,87.51396042,50.69112419,8,2001
139,6,89.70431701,52.36033107,8,2001
139,7,78.95083881,50.81548536,8,2001
139,8,99.61347168,52.77228811,8,2001
139,9,98.18430186,47.44211164,8,2001
140,1,42.94491485,39.96302158,9,2001
140,10,90.06496385886909,58.56999434992698,9,2001
140,11,94.99463085,50.32592439,9,2001
140,12,96.48175132,39.11436645,9,2001
140,13,86.60998505,34.49955831,9,2001
140,2,84.04882283,49.280594799999996,9,2001
140,3,78.99753207,50.49224751,9,2001
140,4,95.0,47.9487,9,2001
140,5,83.99735692,49.99039495,9,2001
140,6,89.71213855,51.40678679,9,2001
140,7,85.12885465,51.18346666,9,2001
140,8,98.60386119,53.17861445,9,2001
140,9,94.11619216,46.26474134,9,2001
141,1,32.01509543,66.704944,10,2001
141,10,92.10105105416399,58.214962410259325,10,2001
141,11,95.08853802,50.1040315,10,2001
141,12,89.58890199,34.58382893,10,2001
141,13,89.46163524,31.10686656,10,2001
141,2,84.3321772,43.36850154,10,2001
141,3,79.20184458,51.46710114,10,2001
141,4,92.6923,44.1026,10,2001
141,5,82.99075,50.12718203,10,2001
141,6,89.74553655,43.58846847,10,2001
141,7,82.9261453,40.86385523,10,2001
141,8,93.06067295,37.62705346,10,2001
141,9,87.44867235,40.16381574,10,2001
